sample,barcodeRV_id,constant_sequence,barcodeRV_sequence
A01,A01,AGGCGTTATCCTCCTCGCCCTTGCTCACGGATCCGCCTCCGCCACTACCTCCTCCACCTGA,GGAAGAGCTTG
A02,A02,AGGCGTTATCCTCCTCGCCCTTGCTCACGGATCCGCCTCCGCCACTACCTCCTCCACCTGA,TTCGTACACTG
A03,A03,AGGCGTTATCCTCCTCGCCCTTGCTCACGGATCCGCCTCCGCCACTACCTCCTCCACCTGA,TCGCATTGAAG
A04,A04,AGGCGTTATCCTCCTCGCCCTTGCTCACGGATCCGCCTCCGCCACTACCTCCTCCACCTGA,TAGAAGGACAG
A05,A05,AGGCGTTATCCTCCTCGCCCTTGCTCACGGATCCGCCTCCGCCACTACCTCCTCCACCTGA,AACGCAACGGA
A06,A06,AGGCGTTATCCTCCTCGCCCTTGCTCACGGATCCGCCTCCGCCACTACCTCCTCCACCTGA,CTGTAGGAGTT
A07,A07,AGGCGTTATCCTCCTCGCCCTTGCTCACGGATCCGCCTCCGCCACTACCTCCTCCACCTGA,ATTGACCGTGT
A08,A08,AGGCGTTATCCTCCTCGCCCTTGCTCACGGATCCGCCTCCGCCACTACCTCCTCCACCTGA,GGTAGCAGTAT
A09,A09,AGGCGTTATCCTCCTCGCCCTTGCTCACGGATCCGCCTCCGCCACTACCTCCTCCACCTGA,GACTTACGTGG
A10,A10,AGGCGTTATCCTCCTCGCCCTTGCTCACGGATCCGCCTCCGCCACTACCTCCTCCACCTGA,TCTTCTGCGAT
A11,A11,AGGCGTTATCCTCCTCGCCCTTGCTCACGGATCCGCCTCCGCCACTACCTCCTCCACCTGA,GAGGTCTATGT
A12,A12,AGGCGTTATCCTCCTCGCCCTTGCTCACGGATCCGCCTCCGCCACTACCTCCTCCACCTGA,ATTGGCGACAA
B01,B01,AGGCGTTATCCTCCTCGCCCTTGCTCACGGATCCGCCTCCGCCACTACCTCCTCCACCTGA,TCTGATCTAGG
B02,B02,AGGCGTTATCCTCCTCGCCCTTGCTCACGGATCCGCCTCCGCCACTACCTCCTCCACCTGA,TTCGCTCAGAT
B03,B03,AGGCGTTATCCTCCTCGCCCTTGCTCACGGATCCGCCTCCGCCACTACCTCCTCCACCTGA,TCAACGTCTTG
B04,B04,AGGCGTTATCCTCCTCGCCCTTGCTCACGGATCCGCCTCCGCCACTACCTCCTCCACCTGA,CCGCATAATTG
B05,B05,AGGCGTTATCCTCCTCGCCCTTGCTCACGGATCCGCCTCCGCCACTACCTCCTCCACCTGA,GCAGACGCAAT
B06,B06,AGGCGTTATCCTCCTCGCCCTTGCTCACGGATCCGCCTCCGCCACTACCTCCTCCACCTGA,CTCTCATAGGT
B07,B07,AGGCGTTATCCTCCTCGCCCTTGCTCACGGATCCGCCTCCGCCACTACCTCCTCCACCTGA,TAGCGTCACTG
B08,B08,AGGCGTTATCCTCCTCGCCCTTGCTCACGGATCCGCCTCCGCCACTACCTCCTCCACCTGA,CTGATGTTCGT
B09,B09,AGGCGTTATCCTCCTCGCCCTTGCTCACGGATCCGCCTCCGCCACTACCTCCTCCACCTGA,GTCAGTGGTTA
B10,B10,AGGCGTTATCCTCCTCGCCCTTGCTCACGGATCCGCCTCCGCCACTACCTCCTCCACCTGA,TTCGGTGTATG
B11,B11,AGGCGTTATCCTCCTCGCCCTTGCTCACGGATCCGCCTCCGCCACTACCTCCTCCACCTGA,TTCTCGGTCTA
B12,B12,AGGCGTTATCCTCCTCGCCCTTGCTCACGGATCCGCCTCCGCCACTACCTCCTCCACCTGA,TGCTGCTCTAT
C01,C01,AGGCGTTATCCTCCTCGCCCTTGCTCACGGATCCGCCTCCGCCACTACCTCCTCCACCTGA,TATCGCCGTTA
C02,C02,AGGCGTTATCCTCCTCGCCCTTGCTCACGGATCCGCCTCCGCCACTACCTCCTCCACCTGA,TTGTCTCTGGA
C03,C03,AGGCGTTATCCTCCTCGCCCTTGCTCACGGATCCGCCTCCGCCACTACCTCCTCCACCTGA,TCAAGACCGAG
C04,C04,AGGCGTTATCCTCCTCGCCCTTGCTCACGGATCCGCCTCCGCCACTACCTCCTCCACCTGA,CCGAGAACAAT
C05,C05,AGGCGTTATCCTCCTCGCCCTTGCTCACGGATCCGCCTCCGCCACTACCTCCTCCACCTGA,CATGACACTTG
C06,C06,AGGCGTTATCCTCCTCGCCCTTGCTCACGGATCCGCCTCCGCCACTACCTCCTCCACCTGA,GTACTAGTGTG
C07,C07,AGGCGTTATCCTCCTCGCCCTTGCTCACGGATCCGCCTCCGCCACTACCTCCTCCACCTGA,CAATTGGCCTT
C08,C08,AGGCGTTATCCTCCTCGCCCTTGCTCACGGATCCGCCTCCGCCACTACCTCCTCCACCTGA,TTAGAGACCGT
C09,C09,AGGCGTTATCCTCCTCGCCCTTGCTCACGGATCCGCCTCCGCCACTACCTCCTCCACCTGA,ATACAACACGG
C10,C10,AGGCGTTATCCTCCTCGCCCTTGCTCACGGATCCGCCTCCGCCACTACCTCCTCCACCTGA,CGTATCCATGA
C11,C11,AGGCGTTATCCTCCTCGCCCTTGCTCACGGATCCGCCTCCGCCACTACCTCCTCCACCTGA,GTTCATCGGTG
C12,C12,AGGCGTTATCCTCCTCGCCCTTGCTCACGGATCCGCCTCCGCCACTACCTCCTCCACCTGA,AACATTCGCTG
D01,D01,AGGCGTTATCCTCCTCGCCCTTGCTCACGGATCCGCCTCCGCCACTACCTCCTCCACCTGA,TTCTTGGAGAG
D02,D02,AGGCGTTATCCTCCTCGCCCTTGCTCACGGATCCGCCTCCGCCACTACCTCCTCCACCTGA,TTGCCAATAGG
D03,D03,AGGCGTTATCCTCCTCGCCCTTGCTCACGGATCCGCCTCCGCCACTACCTCCTCCACCTGA,TGCCTTAGCTA
D04,D04,AGGCGTTATCCTCCTCGCCCTTGCTCACGGATCCGCCTCCGCCACTACCTCCTCCACCTGA,CATCGTTGGTT
D05,D05,AGGCGTTATCCTCCTCGCCCTTGCTCACGGATCCGCCTCCGCCACTACCTCCTCCACCTGA,GCGTAACAGGT
D06,D06,AGGCGTTATCCTCCTCGCCCTTGCTCACGGATCCGCCTCCGCCACTACCTCCTCCACCTGA,CACACAATGAG
D07,D07,AGGCGTTATCCTCCTCGCCCTTGCTCACGGATCCGCCTCCGCCACTACCTCCTCCACCTGA,TTACACACGTG
D08,D08,AGGCGTTATCCTCCTCGCCCTTGCTCACGGATCCGCCTCCGCCACTACCTCCTCCACCTGA,TTCCTTCGAGG
D09,D09,AGGCGTTATCCTCCTCGCCCTTGCTCACGGATCCGCCTCCGCCACTACCTCCTCCACCTGA,CGTTGAACGGT
D10,D10,AGGCGTTATCCTCCTCGCCCTTGCTCACGGATCCGCCTCCGCCACTACCTCCTCCACCTGA,AGAGCTACCAG
D11,D11,AGGCGTTATCCTCCTCGCCCTTGCTCACGGATCCGCCTCCGCCACTACCTCCTCCACCTGA,ACTCGTTCGAG
D12,D12,AGGCGTTATCCTCCTCGCCCTTGCTCACGGATCCGCCTCCGCCACTACCTCCTCCACCTGA,GGCGCATCAAT
E01,E01,AGGCGTTATCCTCCTCGCCCTTGCTCACGGATCCGCCTCCGCCACTACCTCCTCCACCTGA,TTCTGTCGCAA
E02,E02,AGGCGTTATCCTCCTCGCCCTTGCTCACGGATCCGCCTCCGCCACTACCTCCTCCACCTGA,TTGAGTTGTGG
E03,E03,AGGCGTTATCCTCCTCGCCCTTGCTCACGGATCCGCCTCCGCCACTACCTCCTCCACCTGA,TGGACACCAGA
E04,E04,AGGCGTTATCCTCCTCGCCCTTGCTCACGGATCCGCCTCCGCCACTACCTCCTCCACCTGA,CAGAGAAGTGA
E05,E05,AGGCGTTATCCTCCTCGCCCTTGCTCACGGATCCGCCTCCGCCACTACCTCCTCCACCTGA,TCTGCACTGTA
E06,E06,AGGCGTTATCCTCCTCGCCCTTGCTCACGGATCCGCCTCCGCCACTACCTCCTCCACCTGA,TTAGCCGTGAG
E07,E07,AGGCGTTATCCTCCTCGCCCTTGCTCACGGATCCGCCTCCGCCACTACCTCCTCCACCTGA,GCTGTGAATGA
E08,E08,AGGCGTTATCCTCCTCGCCCTTGCTCACGGATCCGCCTCCGCCACTACCTCCTCCACCTGA,CCATTCTGGAA
E09,E09,AGGCGTTATCCTCCTCGCCCTTGCTCACGGATCCGCCTCCGCCACTACCTCCTCCACCTGA,TCCTTAAGCGT
E10,E10,AGGCGTTATCCTCCTCGCCCTTGCTCACGGATCCGCCTCCGCCACTACCTCCTCCACCTGA,GCGCTCTTAAT
E11,E11,AGGCGTTATCCTCCTCGCCCTTGCTCACGGATCCGCCTCCGCCACTACCTCCTCCACCTGA,CCGGCTTATAT
E12,E12,AGGCGTTATCCTCCTCGCCCTTGCTCACGGATCCGCCTCCGCCACTACCTCCTCCACCTGA,CTGGCAGCATT
F01,F01,AGGCGTTATCCTCCTCGCCCTTGCTCACGGATCCGCCTCCGCCACTACCTCCTCCACCTGA,TTCCTGGCATT
F02,F02,AGGCGTTATCCTCCTCGCCCTTGCTCACGGATCCGCCTCCGCCACTACCTCCTCCACCTGA,TTATGTGCCGG
F03,F03,AGGCGTTATCCTCCTCGCCCTTGCTCACGGATCCGCCTCCGCCACTACCTCCTCCACCTGA,TGACGAGGTAT
F04,F04,AGGCGTTATCCTCCTCGCCCTTGCTCACGGATCCGCCTCCGCCACTACCTCCTCCACCTGA,GGACCTATTGT
F05,F05,AGGCGTTATCCTCCTCGCCCTTGCTCACGGATCCGCCTCCGCCACTACCTCCTCCACCTGA,CACGATTGGAA
F06,F06,AGGCGTTATCCTCCTCGCCCTTGCTCACGGATCCGCCTCCGCCACTACCTCCTCCACCTGA,GAGCACTTGTG
F07,F07,AGGCGTTATCCTCCTCGCCCTTGCTCACGGATCCGCCTCCGCCACTACCTCCTCCACCTGA,GACCTGTTCTT
F08,F08,AGGCGTTATCCTCCTCGCCCTTGCTCACGGATCCGCCTCCGCCACTACCTCCTCCACCTGA,GGCTATTGCGT
F09,F09,AGGCGTTATCCTCCTCGCCCTTGCTCACGGATCCGCCTCCGCCACTACCTCCTCCACCTGA,TCTCTGAGATG
F10,F10,AGGCGTTATCCTCCTCGCCCTTGCTCACGGATCCGCCTCCGCCACTACCTCCTCCACCTGA,TGTCTACCAAG
F11,F11,AGGCGTTATCCTCCTCGCCCTTGCTCACGGATCCGCCTCCGCCACTACCTCCTCCACCTGA,CGCACTGAGTA
F12,F12,AGGCGTTATCCTCCTCGCCCTTGCTCACGGATCCGCCTCCGCCACTACCTCCTCCACCTGA,TTCCAGTGTTG
G01,G01,AGGCGTTATCCTCCTCGCCCTTGCTCACGGATCCGCCTCCGCCACTACCTCCTCCACCTGA,TTCCGTTACGT
G02,G02,AGGCGTTATCCTCCTCGCCCTTGCTCACGGATCCGCCTCCGCCACTACCTCCTCCACCTGA,TTACACGGAGT
G03,G03,AGGCGTTATCCTCCTCGCCCTTGCTCACGGATCCGCCTCCGCCACTACCTCCTCCACCTGA,TAGCTAGGCGA
G04,G04,AGGCGTTATCCTCCTCGCCCTTGCTCACGGATCCGCCTCCGCCACTACCTCCTCCACCTGA,ACCAGATTCAG
G05,G05,AGGCGTTATCCTCCTCGCCCTTGCTCACGGATCCGCCTCCGCCACTACCTCCTCCACCTGA,CAGCCTAAGGT
G06,G06,AGGCGTTATCCTCCTCGCCCTTGCTCACGGATCCGCCTCCGCCACTACCTCCTCCACCTGA,TTGGATCGCTT
G07,G07,AGGCGTTATCCTCCTCGCCCTTGCTCACGGATCCGCCTCCGCCACTACCTCCTCCACCTGA,GCTTACTAAGG
G08,G08,AGGCGTTATCCTCCTCGCCCTTGCTCACGGATCCGCCTCCGCCACTACCTCCTCCACCTGA,TGACAGGTCTG
G09,G09,AGGCGTTATCCTCCTCGCCCTTGCTCACGGATCCGCCTCCGCCACTACCTCCTCCACCTGA,GTAAGGTTGAG
G10,G10,AGGCGTTATCCTCCTCGCCCTTGCTCACGGATCCGCCTCCGCCACTACCTCCTCCACCTGA,TCATTGCACGG
G11,G11,AGGCGTTATCCTCCTCGCCCTTGCTCACGGATCCGCCTCCGCCACTACCTCCTCCACCTGA,TCGAGTGTGTA
G12,G12,AGGCGTTATCCTCCTCGCCCTTGCTCACGGATCCGCCTCCGCCACTACCTCCTCCACCTGA,ATTCCGAATGG
H01,H01,AGGCGTTATCCTCCTCGCCCTTGCTCACGGATCCGCCTCCGCCACTACCTCCTCCACCTGA,TTCCATGCGGA
H02,H02,AGGCGTTATCCTCCTCGCCCTTGCTCACGGATCCGCCTCCGCCACTACCTCCTCCACCTGA,TCCGGTGATAA
H03,H03,AGGCGTTATCCTCCTCGCCCTTGCTCACGGATCCGCCTCCGCCACTACCTCCTCCACCTGA,TAGGCGTTCTG
H04,H04,AGGCGTTATCCTCCTCGCCCTTGCTCACGGATCCGCCTCCGCCACTACCTCCTCCACCTGA,AGCGTTCACAA
H05,H05,AGGCGTTATCCTCCTCGCCCTTGCTCACGGATCCGCCTCCGCCACTACCTCCTCCACCTGA,AATCCACGGAG
H06,H06,AGGCGTTATCCTCCTCGCCCTTGCTCACGGATCCGCCTCCGCCACTACCTCCTCCACCTGA,CCATGAGATGA
H07,H07,AGGCGTTATCCTCCTCGCCCTTGCTCACGGATCCGCCTCCGCCACTACCTCCTCCACCTGA,TCCTATGACTG
H08,H08,AGGCGTTATCCTCCTCGCCCTTGCTCACGGATCCGCCTCCGCCACTACCTCCTCCACCTGA,TCGTCCTAGAG
H09,H09,AGGCGTTATCCTCCTCGCCCTTGCTCACGGATCCGCCTCCGCCACTACCTCCTCCACCTGA,TCGCGATACAA
H10,H10,AGGCGTTATCCTCCTCGCCCTTGCTCACGGATCCGCCTCCGCCACTACCTCCTCCACCTGA,TAAGCTCGAGT
H11,H11,AGGCGTTATCCTCCTCGCCCTTGCTCACGGATCCGCCTCCGCCACTACCTCCTCCACCTGA,GTCCAAGACAA
H12,H12,AGGCGTTATCCTCCTCGCCCTTGCTCACGGATCCGCCTCCGCCACTACCTCCTCCACCTGA,TCGGTGCTTAA